"","log2FoldChange","padj"
"FBgn0039916",-5.04792163631866,2.99553255090888e-20
"FBgn0013699",0.684420124469021,0.00318225009812465
"FBgn0039941",-1.49161693427912,1.94299408062813e-06
