"","log2FoldChange","padj"
"FBgn0039916",-5.0479273469122,3.00581042625919e-20
"FBgn0013699",0.684421408194023,0.00318232131051724
"FBgn0039941",-1.49161890256652,1.94219375562692e-06
